{
    "camera_matrix": [
        [
            627.0965375071621,
            0.0,
            327.5422971325179
        ],
        [
            0.0,
            626.6171210703777,
            235.30447752767225
        ],
        [
            0.0,
            0.0,
            1.0
        ]
    ],
    "dist_coeffs": [
        [
            0.12743668957171478,
            -0.07678406608818884,
            0.002747967265232636,
            0.00019700466945795134,
            -0.6667708228337609
        ]
    ],
    "hand_eye_matrix": [
        [
            -0.9978795430376792,
            0.013163899726485502,
            0.06374268060650831,
            0.02338526845445437
        ],
        [
            -0.010496539528120895,
            -0.9990624172223896,
            0.04200129940478508,
            0.094957028428278
        ],
        [
            0.06423581746071963,
            0.04124315989042109,
            0.9970821237578209,
            -0.13918481758853563
        ],
        [
            0.0,
            0.0,
            0.0,
            1.0
        ]
    ]
}