{
    "_comment": "Device-specific calibration for this private UR5/Realsense setup; regenerate after changing the camera mount, robot, or calibration board.",
    "camera_matrix": [
        [
            625.631392289134,
            0.0,
            327.4234108200461
        ],
        [
            0.0,
            625.1737663320234,
            234.63845207488723
        ],
        [
            0.0,
            0.0,
            1.0
        ]
    ],
    "dist_coeffs": [
        [
            0.1285909602199545,
            -0.10000180423587612,
            0.0023633352799123553,
            0.0003134725142294741,
            -0.6029555477736018
        ]
    ],
    "hand_eye_matrix": [
        [
            -0.9987579404254245,
            0.011996690745844018,
            0.04835965103588447,
            0.0258001073515831
        ],
        [
            -0.009564758088447886,
            -0.9986928880663197,
            0.05020986684370544,
            0.09414121938840436
        ],
        [
            0.048898791803820806,
            0.04968495483445407,
            0.9975671974474829,
            -0.13750065324344798
        ],
        [
            0.0,
            0.0,
            0.0,
            1.0
        ]
    ]
}
